true,ensemble_pred,VGG-16,ResNet-50,InceptionV3,EfficientNet-B0,EfficientNet-B7
non_autistic,non_autistic,non_autistic,non_autistic,non_autistic,non_autistic,non_autistic
non_autistic,non_autistic,non_autistic,non_autistic,non_autistic,non_autistic,non_autistic
non_autistic,non_autistic,non_autistic,non_autistic,non_autistic,non_autistic,non_autistic
non_autistic,non_autistic,non_autistic,non_autistic,autistic,non_autistic,non_autistic
non_autistic,non_autistic,non_autistic,non_autistic,non_autistic,non_autistic,non_autistic
non_autistic,non_autistic,non_autistic,non_autistic,non_autistic,non_autistic,non_autistic
non_autistic,autistic,autistic,non_autistic,autistic,non_autistic,autistic
non_autistic,non_autistic,non_autistic,non_autistic,non_autistic,non_autistic,non_autistic
non_autistic,non_autistic,non_autistic,non_autistic,non_autistic,non_autistic,non_autistic
non_autistic,non_autistic,autistic,non_autistic,non_autistic,non_autistic,non_autistic
non_autistic,non_autistic,non_autistic,non_autistic,non_autistic,non_autistic,non_autistic
non_autistic,non_autistic,non_autistic,non_autistic,non_autistic,non_autistic,non_autistic
non_autistic,non_autistic,non_autistic,non_autistic,non_autistic,non_autistic,non_autistic
non_autistic,non_autistic,non_autistic,non_autistic,non_autistic,non_autistic,non_autistic
non_autistic,non_autistic,non_autistic,non_autistic,non_autistic,non_autistic,non_autistic
non_autistic,non_autistic,non_autistic,non_autistic,non_autistic,non_autistic,non_autistic
non_autistic,non_autistic,non_autistic,autistic,non_autistic,non_autistic,non_autistic
non_autistic,non_autistic,non_autistic,non_autistic,non_autistic,non_autistic,non_autistic
non_autistic,non_autistic,non_autistic,non_autistic,non_autistic,non_autistic,non_autistic
non_autistic,non_autistic,non_autistic,non_autistic,non_autistic,non_autistic,non_autistic
non_autistic,non_autistic,non_autistic,non_autistic,non_autistic,non_autistic,non_autistic
non_autistic,non_autistic,non_autistic,non_autistic,non_autistic,non_autistic,non_autistic
non_autistic,non_autistic,non_autistic,non_autistic,non_autistic,non_autistic,non_autistic
non_autistic,non_autistic,non_autistic,non_autistic,non_autistic,non_autistic,non_autistic
non_autistic,non_autistic,non_autistic,non_autistic,non_autistic,non_autistic,non_autistic
non_autistic,non_autistic,non_autistic,non_autistic,non_autistic,non_autistic,non_autistic
non_autistic,non_autistic,non_autistic,non_autistic,non_autistic,non_autistic,non_autistic
non_autistic,non_autistic,non_autistic,autistic,non_autistic,non_autistic,non_autistic
non_autistic,non_autistic,non_autistic,non_autistic,non_autistic,non_autistic,non_autistic
non_autistic,non_autistic,non_autistic,non_autistic,non_autistic,non_autistic,non_autistic
non_autistic,non_autistic,non_autistic,non_autistic,non_autistic,non_autistic,non_autistic
non_autistic,non_autistic,non_autistic,non_autistic,non_autistic,non_autistic,non_autistic
non_autistic,non_autistic,non_autistic,non_autistic,non_autistic,non_autistic,non_autistic
non_autistic,non_autistic,non_autistic,non_autistic,non_autistic,non_autistic,non_autistic
non_autistic,non_autistic,non_autistic,non_autistic,non_autistic,non_autistic,non_autistic
non_autistic,non_autistic,non_autistic,non_autistic,non_autistic,non_autistic,autistic
non_autistic,non_autistic,non_autistic,non_autistic,non_autistic,non_autistic,non_autistic
non_autistic,non_autistic,non_autistic,non_autistic,non_autistic,non_autistic,non_autistic
non_autistic,non_autistic,non_autistic,non_autistic,non_autistic,non_autistic,non_autistic
non_autistic,non_autistic,non_autistic,non_autistic,non_autistic,non_autistic,non_autistic
non_autistic,non_autistic,non_autistic,non_autistic,non_autistic,non_autistic,non_autistic
non_autistic,autistic,non_autistic,autistic,non_autistic,autistic,non_autistic
non_autistic,non_autistic,non_autistic,non_autistic,non_autistic,non_autistic,non_autistic
non_autistic,autistic,non_autistic,autistic,autistic,autistic,non_autistic
non_autistic,autistic,non_autistic,autistic,non_autistic,autistic,autistic
non_autistic,non_autistic,non_autistic,non_autistic,non_autistic,non_autistic,non_autistic
non_autistic,non_autistic,autistic,non_autistic,non_autistic,non_autistic,non_autistic
non_autistic,non_autistic,non_autistic,non_autistic,non_autistic,non_autistic,non_autistic
non_autistic,non_autistic,non_autistic,non_autistic,non_autistic,non_autistic,non_autistic
non_autistic,non_autistic,non_autistic,non_autistic,non_autistic,non_autistic,non_autistic
non_autistic,non_autistic,non_autistic,non_autistic,non_autistic,non_autistic,non_autistic
non_autistic,non_autistic,non_autistic,non_autistic,non_autistic,non_autistic,non_autistic
non_autistic,non_autistic,non_autistic,non_autistic,non_autistic,non_autistic,autistic
non_autistic,non_autistic,non_autistic,non_autistic,non_autistic,non_autistic,non_autistic
non_autistic,non_autistic,non_autistic,non_autistic,non_autistic,non_autistic,non_autistic
non_autistic,non_autistic,autistic,non_autistic,non_autistic,non_autistic,non_autistic
non_autistic,non_autistic,non_autistic,non_autistic,non_autistic,non_autistic,non_autistic
non_autistic,non_autistic,non_autistic,non_autistic,autistic,non_autistic,non_autistic
non_autistic,non_autistic,non_autistic,non_autistic,non_autistic,non_autistic,non_autistic
non_autistic,non_autistic,non_autistic,non_autistic,non_autistic,non_autistic,non_autistic
non_autistic,non_autistic,non_autistic,non_autistic,non_autistic,non_autistic,non_autistic
non_autistic,non_autistic,non_autistic,non_autistic,non_autistic,non_autistic,non_autistic
non_autistic,non_autistic,non_autistic,non_autistic,non_autistic,non_autistic,non_autistic
non_autistic,non_autistic,non_autistic,non_autistic,non_autistic,non_autistic,non_autistic
non_autistic,non_autistic,non_autistic,non_autistic,non_autistic,non_autistic,non_autistic
non_autistic,non_autistic,non_autistic,non_autistic,non_autistic,non_autistic,non_autistic
non_autistic,non_autistic,non_autistic,non_autistic,non_autistic,non_autistic,non_autistic
non_autistic,non_autistic,non_autistic,non_autistic,non_autistic,non_autistic,non_autistic
non_autistic,non_autistic,non_autistic,non_autistic,non_autistic,non_autistic,non_autistic
non_autistic,non_autistic,non_autistic,non_autistic,non_autistic,non_autistic,non_autistic
non_autistic,non_autistic,non_autistic,non_autistic,non_autistic,non_autistic,non_autistic
non_autistic,non_autistic,autistic,non_autistic,non_autistic,non_autistic,non_autistic
non_autistic,non_autistic,non_autistic,non_autistic,non_autistic,non_autistic,non_autistic
non_autistic,non_autistic,non_autistic,non_autistic,non_autistic,non_autistic,non_autistic
non_autistic,non_autistic,non_autistic,non_autistic,non_autistic,non_autistic,non_autistic
non_autistic,autistic,autistic,autistic,autistic,non_autistic,non_autistic
non_autistic,non_autistic,non_autistic,non_autistic,non_autistic,non_autistic,non_autistic
non_autistic,non_autistic,non_autistic,non_autistic,non_autistic,non_autistic,non_autistic
non_autistic,non_autistic,non_autistic,non_autistic,non_autistic,non_autistic,non_autistic
non_autistic,non_autistic,non_autistic,non_autistic,non_autistic,non_autistic,non_autistic
non_autistic,non_autistic,non_autistic,non_autistic,non_autistic,non_autistic,non_autistic
non_autistic,non_autistic,non_autistic,non_autistic,non_autistic,non_autistic,non_autistic
non_autistic,non_autistic,non_autistic,non_autistic,non_autistic,non_autistic,non_autistic
non_autistic,non_autistic,non_autistic,non_autistic,non_autistic,non_autistic,non_autistic
non_autistic,non_autistic,autistic,non_autistic,autistic,non_autistic,non_autistic
non_autistic,non_autistic,non_autistic,non_autistic,non_autistic,non_autistic,non_autistic
non_autistic,non_autistic,non_autistic,non_autistic,non_autistic,non_autistic,non_autistic
non_autistic,non_autistic,non_autistic,non_autistic,non_autistic,non_autistic,non_autistic
non_autistic,non_autistic,non_autistic,non_autistic,non_autistic,non_autistic,non_autistic
non_autistic,non_autistic,non_autistic,non_autistic,non_autistic,non_autistic,non_autistic
non_autistic,non_autistic,non_autistic,non_autistic,non_autistic,non_autistic,non_autistic
non_autistic,non_autistic,non_autistic,non_autistic,non_autistic,non_autistic,non_autistic
non_autistic,non_autistic,non_autistic,non_autistic,non_autistic,non_autistic,non_autistic
non_autistic,non_autistic,non_autistic,non_autistic,non_autistic,non_autistic,non_autistic
non_autistic,non_autistic,non_autistic,non_autistic,non_autistic,non_autistic,non_autistic
non_autistic,non_autistic,non_autistic,non_autistic,non_autistic,non_autistic,non_autistic
non_autistic,non_autistic,non_autistic,non_autistic,non_autistic,non_autistic,non_autistic
non_autistic,non_autistic,non_autistic,non_autistic,non_autistic,non_autistic,non_autistic
non_autistic,non_autistic,non_autistic,non_autistic,non_autistic,non_autistic,non_autistic
non_autistic,non_autistic,non_autistic,non_autistic,non_autistic,non_autistic,non_autistic
autistic,non_autistic,autistic,non_autistic,autistic,non_autistic,non_autistic
autistic,autistic,autistic,autistic,autistic,autistic,autistic
autistic,autistic,autistic,autistic,autistic,autistic,autistic
autistic,autistic,autistic,autistic,autistic,autistic,autistic
autistic,autistic,autistic,non_autistic,non_autistic,autistic,autistic
autistic,autistic,autistic,autistic,autistic,autistic,autistic
autistic,autistic,non_autistic,autistic,non_autistic,autistic,autistic
autistic,autistic,autistic,autistic,autistic,autistic,autistic
autistic,autistic,autistic,autistic,autistic,autistic,autistic
autistic,autistic,autistic,autistic,autistic,autistic,autistic
autistic,autistic,non_autistic,autistic,autistic,autistic,autistic
autistic,autistic,autistic,autistic,autistic,autistic,autistic
autistic,autistic,autistic,autistic,autistic,autistic,autistic
autistic,autistic,autistic,autistic,autistic,autistic,autistic
autistic,autistic,autistic,autistic,non_autistic,autistic,autistic
autistic,autistic,non_autistic,autistic,autistic,autistic,autistic
autistic,autistic,autistic,autistic,autistic,autistic,autistic
autistic,autistic,autistic,autistic,autistic,autistic,autistic
autistic,autistic,autistic,autistic,autistic,autistic,autistic
autistic,autistic,autistic,autistic,non_autistic,autistic,autistic
autistic,autistic,autistic,autistic,autistic,autistic,autistic
autistic,autistic,autistic,autistic,autistic,autistic,autistic
autistic,autistic,autistic,autistic,autistic,non_autistic,autistic
autistic,autistic,autistic,autistic,autistic,autistic,autistic
autistic,non_autistic,autistic,non_autistic,non_autistic,non_autistic,non_autistic
autistic,autistic,autistic,autistic,autistic,autistic,autistic
autistic,autistic,autistic,autistic,autistic,autistic,autistic
autistic,autistic,autistic,autistic,non_autistic,non_autistic,autistic
autistic,autistic,autistic,autistic,autistic,autistic,autistic
autistic,autistic,non_autistic,autistic,non_autistic,autistic,autistic
autistic,autistic,autistic,autistic,autistic,autistic,autistic
autistic,non_autistic,non_autistic,non_autistic,non_autistic,non_autistic,autistic
autistic,autistic,autistic,autistic,autistic,autistic,autistic
autistic,autistic,autistic,autistic,autistic,autistic,autistic
autistic,autistic,autistic,autistic,autistic,autistic,autistic
autistic,non_autistic,autistic,autistic,non_autistic,autistic,non_autistic
autistic,autistic,autistic,autistic,autistic,autistic,autistic
autistic,autistic,autistic,autistic,autistic,autistic,autistic
autistic,autistic,autistic,autistic,autistic,autistic,autistic
autistic,autistic,autistic,autistic,autistic,autistic,autistic
autistic,autistic,autistic,autistic,autistic,autistic,autistic
autistic,autistic,autistic,autistic,autistic,autistic,autistic
autistic,autistic,autistic,autistic,autistic,autistic,non_autistic
autistic,autistic,autistic,autistic,autistic,autistic,autistic
autistic,autistic,autistic,autistic,autistic,autistic,autistic
autistic,non_autistic,autistic,non_autistic,non_autistic,autistic,non_autistic
autistic,autistic,autistic,autistic,autistic,autistic,autistic
autistic,autistic,autistic,autistic,autistic,autistic,autistic
autistic,autistic,non_autistic,autistic,autistic,non_autistic,autistic
autistic,autistic,autistic,autistic,autistic,autistic,autistic
autistic,autistic,autistic,autistic,autistic,autistic,autistic
autistic,autistic,autistic,autistic,autistic,autistic,autistic
autistic,autistic,autistic,autistic,autistic,autistic,autistic
autistic,autistic,autistic,autistic,autistic,autistic,autistic
autistic,autistic,autistic,autistic,autistic,autistic,autistic
autistic,autistic,autistic,autistic,autistic,autistic,autistic
autistic,autistic,autistic,autistic,autistic,autistic,autistic
autistic,autistic,autistic,autistic,autistic,autistic,autistic
autistic,autistic,autistic,autistic,autistic,autistic,autistic
autistic,autistic,autistic,autistic,autistic,autistic,autistic
autistic,autistic,autistic,autistic,autistic,autistic,autistic
autistic,autistic,autistic,autistic,autistic,autistic,autistic
autistic,autistic,autistic,autistic,autistic,autistic,autistic
autistic,autistic,autistic,autistic,non_autistic,autistic,non_autistic
autistic,autistic,autistic,autistic,autistic,autistic,autistic
autistic,autistic,non_autistic,autistic,autistic,autistic,autistic
autistic,non_autistic,non_autistic,non_autistic,autistic,non_autistic,non_autistic
autistic,autistic,autistic,non_autistic,autistic,non_autistic,autistic
autistic,autistic,autistic,autistic,autistic,autistic,autistic
autistic,autistic,autistic,autistic,autistic,autistic,autistic
autistic,autistic,autistic,autistic,autistic,autistic,autistic
autistic,autistic,autistic,autistic,autistic,autistic,autistic
autistic,autistic,autistic,autistic,autistic,non_autistic,non_autistic
autistic,autistic,autistic,autistic,autistic,autistic,autistic
autistic,autistic,autistic,autistic,autistic,autistic,autistic
autistic,autistic,autistic,autistic,autistic,autistic,autistic
autistic,autistic,autistic,autistic,autistic,autistic,autistic
autistic,autistic,autistic,autistic,non_autistic,autistic,autistic
autistic,autistic,autistic,autistic,autistic,autistic,autistic
autistic,autistic,autistic,autistic,autistic,autistic,autistic
autistic,autistic,autistic,autistic,autistic,autistic,autistic
autistic,autistic,autistic,autistic,autistic,autistic,autistic
autistic,autistic,autistic,autistic,autistic,autistic,autistic
autistic,autistic,autistic,autistic,non_autistic,non_autistic,autistic
autistic,autistic,non_autistic,autistic,autistic,autistic,autistic
autistic,autistic,autistic,autistic,autistic,autistic,autistic
autistic,autistic,autistic,autistic,autistic,autistic,autistic
autistic,non_autistic,autistic,non_autistic,non_autistic,non_autistic,non_autistic
autistic,autistic,autistic,autistic,autistic,autistic,autistic
autistic,autistic,autistic,autistic,autistic,autistic,autistic
autistic,autistic,autistic,autistic,autistic,autistic,non_autistic
autistic,autistic,autistic,autistic,autistic,autistic,autistic
autistic,autistic,autistic,autistic,autistic,autistic,autistic
autistic,autistic,autistic,autistic,autistic,autistic,autistic
autistic,autistic,autistic,autistic,autistic,autistic,autistic
autistic,autistic,non_autistic,autistic,autistic,autistic,non_autistic
autistic,autistic,autistic,autistic,autistic,autistic,autistic
autistic,autistic,autistic,autistic,autistic,autistic,autistic
autistic,autistic,autistic,autistic,autistic,autistic,autistic
autistic,autistic,autistic,autistic,autistic,autistic,autistic
